variable_transformada,importancia_shap,variable_original
numericas__score_promedio_externo,0.4900206,score_promedio_externo
categoricas__id_segmento_SEG_005,0.45800802,id_segmento
numericas__margen_esperado_producto,0.30478936,margen_esperado_producto
categoricas__id_producto_PROD_004,0.29916605,id_producto
numericas__score_externo_3,0.16464214,score_externo_3
numericas__antiguedad_laboral_anios,0.13214245,antiguedad_laboral_anios
numericas__monto_bien,0.13214065,monto_bien
numericas__ratio_credito_bien,0.12842722,ratio_credito_bien
numericas__monto_anualidad,0.11420508,monto_anualidad
categoricas__nombre_segmento_Riesgo Alto,0.10779004,nombre_segmento
numericas__edad_anios,0.09642347,edad_anios
categoricas__nivel_educacional_Higher education,0.07267822,nivel_educacional
numericas__score_externo_2,0.06946186,score_externo_2
categoricas__genero_limpio_M,0.06768672,genero_limpio
categoricas__flag_tiene_auto_false,0.055943605,flag_tiene_auto
categoricas__id_segmento_SEG_003,0.054115217,id_segmento
categoricas__id_segmento_SEG_006,0.053710353,id_segmento
categoricas__id_producto_PROD_005,0.050600097,id_producto
numericas__antiguedad_auto_anios,0.04759957,antiguedad_auto_anios
numericas__poblacion_region_relativa,0.046280436,poblacion_region_relativa
categoricas__flag_score_externo_1_nulo_false,0.046077747,flag_score_externo_1_nulo
categoricas__genero_limpio_F,0.04516315,genero_limpio
numericas__monto_credito,0.044690385,monto_credito
categoricas__nombre_producto_Refinanciamiento,0.044189375,nombre_producto
categoricas__estado_civil_limpio_Married,0.040644445,estado_civil_limpio
numericas__ratio_anualidad_ingreso,0.035264146,ratio_anualidad_ingreso
numericas__cantidad_scores_disponibles,0.031784523,cantidad_scores_disponibles
numericas__ratio_credito_ingreso,0.030914493,ratio_credito_ingreso
categoricas__tipo_ingreso_Working,0.03077585,tipo_ingreso
categoricas__nivel_educacional_Secondary / secondary special,0.028581988,nivel_educacional
numericas__ingreso_total,0.02832015,ingreso_total
categoricas__tipo_contrato_Cash loans,0.027237508,tipo_contrato
numericas__score_externo_1,0.026101893,score_externo_1
categoricas__id_segmento_SEG_002,0.017926194,id_segmento
categoricas__tipo_organizacion_Self-employed,0.016810868,tipo_organizacion
categoricas__nombre_segmento_Nuevo Cliente,0.012873846,nombre_segmento
categoricas__ocupacion_limpia_Drivers,0.012267833,ocupacion_limpia
categoricas__familia_producto_Créditos,0.011781854,familia_producto
categoricas__ocupacion_limpia_Core staff,0.011578688,ocupacion_limpia
categoricas__tipo_organizacion_School,0.010903695,tipo_organizacion
"categoricas__tipo_acompanante_Spouse, partner",0.010823264,tipo_acompanante
categoricas__tipo_vivienda_House / apartment,0.010149357,tipo_vivienda
categoricas__id_producto_PROD_002,0.00917141,id_producto
categoricas__flag_tiene_auto_true,0.008818546,flag_tiene_auto
categoricas__flag_score_externo_3_nulo_false,0.008156333,flag_score_externo_3_nulo
categoricas__flag_score_externo_1_nulo_true,0.008129675,flag_score_externo_1_nulo
categoricas__id_segmento_SEG_001,0.0080653345,id_segmento
categoricas__tipo_ingreso_State servant,0.007684154,tipo_ingreso
categoricas__estado_civil_limpio_Civil marriage,0.006772442,estado_civil_limpio
categoricas__nombre_producto_Avance en Efectivo,0.006657551,nombre_producto
categoricas__grupo_edad_45 a 54,0.0060583036,grupo_edad
numericas__cantidad_integrantes_familia,0.005756373,cantidad_integrantes_familia
categoricas__tipo_organizacion_Business Entity Type 3,0.0053195655,tipo_organizacion
categoricas__ocupacion_limpia_Accountants,0.0050977175,ocupacion_limpia
categoricas__tipo_acompanante_Unaccompanied,0.004792375,tipo_acompanante
categoricas__id_sucursal_SUC_004,0.004416811,id_sucursal
categoricas__estado_civil_limpio_Separated,0.0043859635,estado_civil_limpio
categoricas__tipo_organizacion_Military,0.004249959,tipo_organizacion
categoricas__tipo_organizacion_Industry: type 9,0.00408169,tipo_organizacion
categoricas__tramo_monto_credito_200k a 499k,0.004069615,tramo_monto_credito
categoricas__flag_tiene_propiedad_false,0.004001899,flag_tiene_propiedad
categoricas__id_segmento_SEG_004,0.003973186,id_segmento
categoricas__id_producto_PROD_003,0.003733817,id_producto
categoricas__rango_ingreso_estimado_Variable,0.00364954,rango_ingreso_estimado
categoricas__rango_ingreso_estimado_Sin historial,0.0035699697,rango_ingreso_estimado
numericas__cantidad_hijos,0.003316535,cantidad_hijos
categoricas__tipo_organizacion_Bank,0.0032339324,tipo_organizacion
categoricas__tipo_contrato_Revolving loans,0.003029906,tipo_contrato
categoricas__tipo_organizacion_Construction,0.002851894,tipo_organizacion
categoricas__tipo_organizacion_Security Ministries,0.0028493933,tipo_organizacion
categoricas__nombre_segmento_Medio,0.0027247672,nombre_segmento
categoricas__nombre_ejecutivo_Javier Herrera,0.002698513,nombre_ejecutivo
categoricas__nombre_ejecutivo_María González,0.0026336857,nombre_ejecutivo
categoricas__ocupacion_limpia_Sales staff,0.0025330207,ocupacion_limpia
categoricas__estado_ejecutivo_Activo,0.0023898387,estado_ejecutivo
categoricas__nombre_ejecutivo_Felipe Castillo,0.002383312,nombre_ejecutivo
categoricas__tipo_organizacion_Police,0.0023457916,tipo_organizacion
categoricas__tipo_vivienda_Municipal apartment,0.002300993,tipo_vivienda
categoricas__nombre_ejecutivo_Matías Morales,0.002278024,nombre_ejecutivo
categoricas__grupo_edad_35 a 44,0.0022380622,grupo_edad
categoricas__id_canal_CAN_004,0.0021051574,id_canal
categoricas__id_canal_CAN_002,0.0020995168,id_canal
categoricas__id_sucursal_SUC_012,0.002090926,id_sucursal
categoricas__nombre_ejecutivo_Ana Torres,0.0020588986,nombre_ejecutivo
categoricas__id_canal_CAN_003,0.0020326392,id_canal
categoricas__ocupacion_limpia_High skill tech staff,0.0019942464,ocupacion_limpia
categoricas__id_filial_FIL_004,0.0019002508,id_filial
categoricas__tipo_organizacion_Transport: type 3,0.0018877195,tipo_organizacion
categoricas__id_filial_FIL_002,0.0018864061,id_filial
categoricas__tipo_organizacion_Trade: type 2,0.0018673487,tipo_organizacion
categoricas__region_sucursal_Región 13,0.0018521389,region_sucursal
categoricas__nivel_educacional_Incomplete higher,0.0017820713,nivel_educacional
categoricas__id_sucursal_SUC_025,0.0017735728,id_sucursal
categoricas__nombre_canal_Sucursal,0.0017652841,nombre_canal
categoricas__id_canal_CAN_001,0.0017175566,id_canal
categoricas__tipo_organizacion_Transport: type 4,0.0017140026,tipo_organizacion
categoricas__estado_asignacion_Activa,0.0016812029,estado_asignacion
categoricas__ocupacion_limpia_Low-skill Laborers,0.0016534657,ocupacion_limpia
categoricas__id_sucursal_SUC_017,0.001651037,id_sucursal
categoricas__nombre_ejecutivo_Valentina Rojas,0.0016446703,nombre_ejecutivo
categoricas__ciudad_sucursal_Puerto Montt,0.0016364257,ciudad_sucursal
categoricas__estado_sucursal_Activa,0.0016326286,estado_sucursal
categoricas__tipo_vivienda_Office apartment,0.0016242616,tipo_vivienda
categoricas__ocupacion_limpia_Sin informacion,0.0016005052,ocupacion_limpia
categoricas__ocupacion_limpia_Security staff,0.0015888565,ocupacion_limpia
categoricas__id_producto_PROD_007,0.0014870465,id_producto
categoricas__ocupacion_limpia_Cleaning staff,0.0014704346,ocupacion_limpia
categoricas__id_producto_PROD_001,0.0014556843,id_producto
categoricas__ocupacion_limpia_Laborers,0.0014441531,ocupacion_limpia
categoricas__tramo_monto_credito_Menor a 200k,0.0013775342,tramo_monto_credito
categoricas__tramo_monto_credito_500k a 999k,0.0013500992,tramo_monto_credito
categoricas__id_sucursal_SUC_022,0.0013350914,id_sucursal
categoricas__nivel_educacional_Lower secondary,0.0013301675,nivel_educacional
categoricas__rango_ingreso_estimado_500k-1.2MM,0.0013300753,rango_ingreso_estimado
categoricas__tipo_organizacion_Housing,0.0013289823,tipo_organizacion
categoricas__tipo_acompanante_Sin información,0.0013113731,tipo_acompanante
categoricas__ocupacion_limpia_Medicine staff,0.001301926,ocupacion_limpia
categoricas__familia_producto_Normalización,0.0012068998,familia_producto
categoricas__ocupacion_limpia_Secretaries,0.0011805322,ocupacion_limpia
categoricas__tipo_organizacion_Industry: type 3,0.001157743,tipo_organizacion
categoricas__tipo_acompanante_Family,0.0011554672,tipo_acompanante
categoricas__id_filial_FIL_003,0.001152193,id_filial
categoricas__region_sucursal_Región 16,0.0011304535,region_sucursal
categoricas__nombre_producto_Tarjeta Crédito,0.0010908834,nombre_producto
categoricas__flag_score_externo_3_nulo_true,0.001061667,flag_score_externo_3_nulo
categoricas__tipo_organizacion_Realtor,0.001044021,tipo_organizacion
categoricas__id_filial_FIL_006,0.0010212993,id_filial
categoricas__tipo_filial_Mixta,0.00101581,tipo_filial
categoricas__id_sucursal_SUC_014,0.0009936615,id_sucursal
categoricas__tipo_organizacion_Trade: type 7,0.0009914887,tipo_organizacion
categoricas__tramo_ingreso_200k a 399k,0.0009837165,tramo_ingreso
categoricas__region_sucursal_Región 5,0.0009830944,region_sucursal
categoricas__ciudad_sucursal_Talca,0.0009818661,ciudad_sucursal
categoricas__nombre_ejecutivo_Carlos Rivas,0.0009663311,nombre_ejecutivo
categoricas__tipo_organizacion_Medicine,0.0009403781,tipo_organizacion
categoricas__tipo_organizacion_Electricity,0.00092362775,tipo_organizacion
categoricas__ocupacion_limpia_Managers,0.0009207884,ocupacion_limpia
categoricas__nombre_filial_Filial Metropolitana,0.00091633294,nombre_filial
categoricas__id_filial_FIL_001,0.00090849906,id_filial
categoricas__tipo_canal_Presencial,0.0008829559,tipo_canal
categoricas__familia_producto_Sin informacion,0.00086780556,familia_producto
categoricas__cargo_ejecutivo_Ejecutivo Comercial,0.0008647575,cargo_ejecutivo
categoricas__id_sucursal_SUC_020,0.00085792074,id_sucursal
categoricas__id_sucursal_SUC_021,0.0008518932,id_sucursal
categoricas__nombre_ejecutivo_Daniela Vega,0.0008410263,nombre_ejecutivo
categoricas__tipo_organizacion_Kindergarten,0.0008375428,tipo_organizacion
categoricas__nombre_canal_Ejecutivo Terreno,0.00083449756,nombre_canal
categoricas__tipo_vivienda_Rented apartment,0.0008104974,tipo_vivienda
categoricas__ciudad_sucursal_Rancagua,0.0007954542,ciudad_sucursal
categoricas__grupo_edad_55 a 64,0.00078959315,grupo_edad
categoricas__id_sucursal_SUC_019,0.00077539985,id_sucursal
categoricas__grupo_edad_25 a 34,0.0007752192,grupo_edad
categoricas__nombre_ejecutivo_Camila Soto,0.0007582386,nombre_ejecutivo
categoricas__tipo_organizacion_Industry: type 5,0.0007535687,tipo_organizacion
categoricas__id_sucursal_SUC_005,0.0007416682,id_sucursal
categoricas__estado_civil_limpio_Widow,0.0007311629,estado_civil_limpio
categoricas__region_sucursal_Región 10,0.00072127965,region_sucursal
categoricas__ciudad_sucursal_Concepción,0.0007091794,ciudad_sucursal
categoricas__tipo_organizacion_Other,0.0007058539,tipo_organizacion
categoricas__tipo_organizacion_Legal Services,0.000699428,tipo_organizacion
categoricas__grupo_edad_65 o mas,0.00067463744,grupo_edad
categoricas__id_sucursal_SUC_018,0.0006674746,id_sucursal
categoricas__id_canal_CAN_005,0.0006336824,id_canal
categoricas__estado_ejecutivo_Inactivo,0.0006317517,estado_ejecutivo
categoricas__tipo_organizacion_University,0.0006266484,tipo_organizacion
categoricas__nombre_sucursal_Sucursal Concepción 25,0.00062366447,nombre_sucursal
categoricas__ciudad_sucursal_Valparaíso,0.0006140403,ciudad_sucursal
categoricas__id_filial_FIL_005,0.0006011234,id_filial
categoricas__tipo_organizacion_Security,0.00057105726,tipo_organizacion
categoricas__tipo_acompanante_Other_B,0.0005679462,tipo_acompanante
categoricas__tipo_organizacion_Postal,0.00056680193,tipo_organizacion
categoricas__nombre_ejecutivo_Pedro Muñoz,0.00056388596,nombre_ejecutivo
categoricas__tipo_ingreso_Commercial associate,0.0005531159,tipo_ingreso
categoricas__tipo_filial_Banca Personas,0.0005481728,tipo_filial
categoricas__nombre_sucursal_Sucursal Rancagua 19,0.00054599915,nombre_sucursal
categoricas__id_sucursal_SUC_023,0.00054390973,id_sucursal
categoricas__nombre_sucursal_Sucursal Puerto Montt 12,0.00050003733,nombre_sucursal
categoricas__id_sucursal_SUC_007,0.00049551873,id_sucursal
categoricas__estado_civil_limpio_Single / not married,0.0004887176,estado_civil_limpio
categoricas__tipo_organizacion_Trade: type 6,0.0004880715,tipo_organizacion
categoricas__nombre_canal_Digital,0.00046516166,nombre_canal
categoricas__flag_tiene_propiedad_true,0.00045217958,flag_tiene_propiedad
categoricas__estado_sucursal_Inactiva,0.00044647593,estado_sucursal
categoricas__tipo_acompanante_Children,0.00043943123,tipo_acompanante
categoricas__tipo_organizacion_Government,0.00043668915,tipo_organizacion
categoricas__nombre_segmento_Alto Valor,0.00043655964,nombre_segmento
categoricas__id_sucursal_SUC_013,0.00042923808,id_sucursal
categoricas__id_sucursal_SUC_003,0.00041210165,id_sucursal
categoricas__tipo_organizacion_Industry: type 4,0.00040917617,tipo_organizacion
categoricas__id_sucursal_SUC_010,0.00040268837,id_sucursal
categoricas__tipo_ingreso_Pensioner,0.00039785003,tipo_ingreso
categoricas__cargo_ejecutivo_Gestor de Cartera,0.00037386492,cargo_ejecutivo
categoricas__nivel_educacional_Academic degree,0.0003702187,nivel_educacional
categoricas__nombre_filial_Filial Sur,0.00036821698,nombre_filial
categoricas__nombre_segmento_Masivo,0.00036421607,nombre_segmento
categoricas__cargo_ejecutivo_Ejecutivo Senior,0.00035687155,cargo_ejecutivo
categoricas__tipo_organizacion_Business Entity Type 1,0.00034656798,tipo_organizacion
categoricas__tramo_ingreso_800k o mas,0.00034346405,tramo_ingreso
categoricas__id_sucursal_SUC_024,0.0003369542,id_sucursal
categoricas__nombre_sucursal_Sucursal Rancagua 24,0.00033659706,nombre_sucursal
categoricas__id_sucursal_SUC_009,0.0003303665,id_sucursal
categoricas__tipo_organizacion_Advertising,0.00031595206,tipo_organizacion
categoricas__id_sucursal_SUC_008,0.00030202128,id_sucursal
categoricas__nombre_producto_Crédito Consumo,0.000295962,nombre_producto
categoricas__tipo_organizacion_Industry: type 2,0.00028558145,tipo_organizacion
categoricas__grupo_edad_Menor a 25,0.0002844648,grupo_edad
categoricas__id_sucursal_SUC_016,0.00027663418,id_sucursal
categoricas__ocupacion_limpia_Cooking staff,0.00027563664,ocupacion_limpia
categoricas__tipo_organizacion_Business Entity Type 2,0.00027219128,tipo_organizacion
categoricas__region_sucursal_Región 8,0.00024829534,region_sucursal
categoricas__tramo_monto_credito_1MM a 1.99MM,0.00023979673,tramo_monto_credito
categoricas__ocupacion_limpia_Waiters/barmen staff,0.00022398656,ocupacion_limpia
categoricas__id_sucursal_SUC_002,0.00022318623,id_sucursal
categoricas__tipo_organizacion_Mobile,0.0002149981,tipo_organizacion
categoricas__nombre_sucursal_Sucursal Puerto Montt 13,0.00021438258,nombre_sucursal
categoricas__rango_ingreso_estimado_1.2MM-2.5MM,0.00020944569,rango_ingreso_estimado
categoricas__ocupacion_limpia_Private service staff,0.00020309481,ocupacion_limpia
categoricas__tramo_ingreso_400k a 799k,0.00019812386,tramo_ingreso
categoricas__estado_asignacion_Cerrada,0.00018854067,estado_asignacion
categoricas__nombre_sucursal_Sucursal Concepción 03,0.00018104029,nombre_sucursal
categoricas__tipo_organizacion_Services,0.00017977759,tipo_organizacion
categoricas__nombre_filial_Filial Centro,0.00017121731,nombre_filial
categoricas__nombre_producto_Crédito Automotriz,0.00016012984,nombre_producto
categoricas__id_sucursal_SUC_006,0.00015679008,id_sucursal
categoricas__tramo_ingreso_100k a 199k,0.00015643578,tramo_ingreso
categoricas__tipo_vivienda_With parents,0.0001557082,tipo_vivienda
categoricas__nombre_producto_Compra de Cartera,0.00015393208,nombre_producto
categoricas__nombre_sucursal_Sucursal Puerto Montt 09,0.00013963941,nombre_sucursal
categoricas__nombre_sucursal_Sucursal Valparaíso 17,0.0001343126,nombre_sucursal
categoricas__tipo_organizacion_Trade: type 3,0.00013250294,tipo_organizacion
categoricas__tipo_organizacion_Industry: type 7,0.00012789112,tipo_organizacion
categoricas__ocupacion_limpia_Realty agents,0.000118858195,ocupacion_limpia
categoricas__tipo_organizacion_Telecom,0.000115541014,tipo_organizacion
categoricas__nombre_sucursal_Sucursal Concepción 10,0.0001107048,nombre_sucursal
categoricas__nombre_sucursal_Sucursal Talca 22,0.000107888234,nombre_sucursal
categoricas__zona_filial_Austral,0.00010407542,zona_filial
categoricas__rango_ingreso_estimado_>2.5MM,0.000103780796,rango_ingreso_estimado
categoricas__nombre_sucursal_Sucursal Puerto Montt 23,9.713589e-05,nombre_sucursal
categoricas__flag_score_externo_2_nulo_true,9.6460935e-05,flag_score_externo_2_nulo
categoricas__nombre_sucursal_Sucursal Puerto Montt 05,9.062721e-05,nombre_sucursal
categoricas__tipo_organizacion_Hotel,8.735417e-05,tipo_organizacion
categoricas__tipo_organizacion_Industry: type 12,8.3424e-05,tipo_organizacion
categoricas__tipo_organizacion_XNA,8.191214e-05,tipo_organizacion
categoricas__ocupacion_limpia_HR staff,8.1867955e-05,ocupacion_limpia
categoricas__tipo_vivienda_Co-op apartment,7.627421e-05,tipo_vivienda
categoricas__tipo_organizacion_Transport: type 1,6.907303e-05,tipo_organizacion
categoricas__nombre_sucursal_Sucursal Talca 04,6.398308e-05,nombre_sucursal
categoricas__tipo_ingreso_Unemployed,6.245082e-05,tipo_ingreso
categoricas__nombre_sucursal_Sucursal Talca 16,6.167744e-05,nombre_sucursal
categoricas__tipo_organizacion_Industry: type 1,5.9878028e-05,tipo_organizacion
categoricas__nombre_sucursal_Sucursal Rancagua 07,5.690827e-05,nombre_sucursal
categoricas__id_sucursal_SUC_015,5.406579e-05,id_sucursal
categoricas__tipo_organizacion_Insurance,5.3423053e-05,tipo_organizacion
categoricas__tipo_organizacion_Industry: type 10,5.3245585e-05,tipo_organizacion
categoricas__nombre_canal_Call Center,5.1626317e-05,nombre_canal
categoricas__nombre_sucursal_Sucursal Valparaíso 21,5.1486193e-05,nombre_sucursal
categoricas__region_sucursal_Región 14,4.8145394e-05,region_sucursal
categoricas__tipo_organizacion_Agriculture,4.6591926e-05,tipo_organizacion
categoricas__rango_ingreso_estimado_0-500k,4.4347216e-05,rango_ingreso_estimado
categoricas__tipo_organizacion_Transport: type 2,3.839689e-05,tipo_organizacion
categoricas__tipo_acompanante_Other_A,3.4846005e-05,tipo_acompanante
categoricas__flag_score_externo_2_nulo_false,3.3980275e-05,flag_score_externo_2_nulo
categoricas__nombre_canal_Alianza Comercial,2.933688e-05,nombre_canal
categoricas__tipo_organizacion_Religion,2.6330323e-05,tipo_organizacion
categoricas__tipo_organizacion_Industry: type 6,2.5854013e-05,tipo_organizacion
categoricas__tramo_ingreso_Menor a 100k,2.4196417e-05,tramo_ingreso
categoricas__nombre_segmento_Preferente,2.2339767e-05,nombre_segmento
categoricas__nombre_filial_Filial Austral,2.2176468e-05,nombre_filial
categoricas__id_producto_PROD_006,1.8005445e-05,id_producto
categoricas__nombre_filial_Filial Norte,0.0,nombre_filial
categoricas__region_sucursal_Región 15,0.0,region_sucursal
categoricas__region_sucursal_Región 2,0.0,region_sucursal
categoricas__nombre_sucursal_Sucursal Temuco 20,0.0,nombre_sucursal
categoricas__nombre_filial_Filial Digital,0.0,nombre_filial
categoricas__nombre_sucursal_Sucursal Rancagua 18,0.0,nombre_sucursal
categoricas__nombre_sucursal_Sucursal Talca 15,0.0,nombre_sucursal
categoricas__nombre_sucursal_Sucursal Concepción 01,0.0,nombre_sucursal
categoricas__zona_filial_Norte,0.0,zona_filial
categoricas__zona_filial_Sur,0.0,zona_filial
categoricas__nombre_sucursal_Suc. Santiago 06,0.0,nombre_sucursal
categoricas__tipo_filial_Retail Financiero,0.0,tipo_filial
categoricas__region_sucursal_Región 1,0.0,region_sucursal
categoricas__region_sucursal_Región 11,0.0,region_sucursal
categoricas__region_sucursal_Región 12,0.0,region_sucursal
categoricas__nombre_sucursal_Sucursal Concepción 11,0.0,nombre_sucursal
categoricas__nombre_sucursal_Sucursal Concepción 08,0.0,nombre_sucursal
categoricas__id_sucursal_SUC_001,0.0,id_sucursal
categoricas__id_sucursal_SUC_011,0.0,id_sucursal
categoricas__nombre_sucursal_Sucursal Rancagua 02,0.0,nombre_sucursal
categoricas__nombre_sucursal_Sucursal Puerto Montt 14,0.0,nombre_sucursal
categoricas__tramo_monto_credito_2MM o mas,0.0,tramo_monto_credito
categoricas__zona_filial_Metropolitana,0.0,zona_filial
categoricas__tipo_organizacion_Industry: type 13,0.0,tipo_organizacion
categoricas__tipo_organizacion_Industry: type 11,0.0,tipo_organizacion
categoricas__tipo_organizacion_Restaurant,0.0,tipo_organizacion
categoricas__tipo_organizacion_Trade: type 1,0.0,tipo_organizacion
categoricas__tipo_organizacion_Trade: type 4,0.0,tipo_organizacion
categoricas__tipo_organizacion_Trade: type 5,0.0,tipo_organizacion
categoricas__tipo_acompanante_Group of people,0.0,tipo_acompanante
categoricas__zona_filial_Centro,0.0,zona_filial
categoricas__flag_empleo_valor_especial_false,0.0,flag_empleo_valor_especial
categoricas__flag_empleo_valor_especial_true,0.0,flag_empleo_valor_especial
categoricas__region_sucursal_Región 3,0.0,region_sucursal
categoricas__region_sucursal_Región 6,0.0,region_sucursal
categoricas__region_sucursal_Región 7,0.0,region_sucursal
categoricas__region_sucursal_Región 9,0.0,region_sucursal
categoricas__ciudad_sucursal_Santiago,0.0,ciudad_sucursal
categoricas__ciudad_sucursal_Temuco,0.0,ciudad_sucursal
categoricas__zona_filial_Digital,0.0,zona_filial
categoricas__nombre_producto_Crédito Educación,0.0,nombre_producto
categoricas__familia_producto_Tarjetas,0.0,familia_producto
categoricas__tipo_organizacion_Emergency,0.0,tipo_organizacion
categoricas__tipo_organizacion_Industry: type 8,0.0,tipo_organizacion
categoricas__tipo_organizacion_Cleaning,0.0,tipo_organizacion
categoricas__tipo_organizacion_Culture,0.0,tipo_organizacion
categoricas__ocupacion_limpia_IT staff,0.0,ocupacion_limpia
categoricas__estado_civil_limpio_Sin informacion,0.0,estado_civil_limpio
categoricas__genero_limpio_Sin informacion,0.0,genero_limpio
categoricas__tipo_ingreso_Maternity leave,0.0,tipo_ingreso
categoricas__tipo_ingreso_Businessman,0.0,tipo_ingreso
categoricas__tipo_ingreso_Student,0.0,tipo_ingreso
categoricas__tipo_canal_Online,0.0,tipo_canal
categoricas__tipo_canal_Partner,0.0,tipo_canal
categoricas__tipo_canal_Remoto,0.0,tipo_canal
